,name,accuracy,f1,roc_auc
0,dataset_1000_hypothyroid,0.9143109540636042,0.95523765574527,0.49521531100478466
1,dataset_1002_ipums_la_98-small,0.8931433659839715,0.9435559736594544,0.4992533598805376
2,dataset_1004_synthetic_control,0.9388888888888889,0.8,0.8566666666666667
3,dataset_1013_analcatdata_challenger,0.9761904761904762,0.8,0.8333333333333333
